item_name,item_description,item_price(in AED)
Nonna's Meal for 1,"Any Appetiser, Any Pasta, Any Soft Drink",65.0
Nonna's Meal for 2,"Any 2 Appetisers, any 2 Pasta's and 2 Soft Drinks!",125.0
Pasta Party Pack - Any 4 pasta's,Choose any 4 pastas from our menu!,149.0
Nonna's Chicken Strips,"Tender, crispy and delicious - thats how Mamma makes them! Served with BBQ Sauce (4 strips)",29.0
Chili Cheese Bites,"Breaded, crispy, (slightly) chili cheesy bites with a soft centre. Served with a homemade garlic & herb dip",29.0
Nonna's Sweet Potato Fries,Perfectly crunchy sweet potato fries with a sweet chili dip,23.0
Homemade Garlic Bread & Mozzarella,"Homemade freshly baked bread with fresh garlic and EVOO, topped with our creamy mozzarella",25.0
Nonna's Chicken Wings (6) - BBQ,"Premium, thick, juicy wings smothered in your choice of Smoky BBQ sauce. Served with a Blue cheese dip (6 wings)",32.0
Nonna's Chicken Wings (6) - Buffalo,"Premium, thick, juicy wings smothered in tangy Buffalo sauce. Served with a Blue cheese dip",32.0
Tuscan Chicken Pasta Salad,"Served cold A delightful mix of Italian flavours and one of Nonna's crowd pleasers - fusili pasta, kalamata olives, shredded roast chicken, sweetcorn, fresh rocket, sun-dried tomato, pine nuts, homemade fresh basil pesto and parmesan",43.0
Nonna's Grilled Chicken Caesar Salad,"Crispy Romaine lettuce with Nonna's creamy Caesar dressing, homemade garlic croutons, powdered parmesan cheese and grilled chicken breast",43.0
Sicilian Tuna Pasta Salad,"Served cold Fusili pasta with Nonna's tuna mayo with Mediterranean tuna, sundried tomato, sweetcorn and spring onion",43.0
Insalata Caprese,"Sliced vine tomato with thick cut slices of fresh mozzarella, topped with Nonna's homemade basil pesto, fresh rocket and premium Italian EVOO",49.0
Nonna's Spaghetti Bolognese,An Italian classic - premium spaghetti pasta tossed with Nonna's homemade rich Beef Bolognese sauce - bellissima!,49.0
Tagliatelle Della Mamma,"Mamma Mia! Premium tagliatelle pasta, with Mamma's famous cream sauce of sauteed shrimp and roast garlic! Maraviglioso! (mildly spicy)",59.0
Penne Alfredo,Premium penne pasta with a rich and creamy sauce of oven roast chicken and fresh mushroom. Topped with Parmesan,49.0
Gnocchi Alla Quattro Formaggi,"Deliciously satisfying gnocchi pasta with a creamy, cheesy homemade four cheese sauce (cheddar, parmesan, gorgonzola and emmenthal)",49.0
Tortelloni Della Nonna,"Mamma's delicious spinach & ricotta stuffed tortelloni, mixed with a cream sauce of smoked turkey, shiitake mushroom and emmental. Just the way Nonna likes it!",59.0
Fusili Bianco Rosso,"Fusili pasta swirls mixed in Nonna's rich, flavour packed pomodoro sauce, topped with fresh straciatella and chili flakes",59.0
Penne Pink,"Premium durum wheat penne rigate mixed with the perfect balance of Nonna's zesty pomodoro sauce, and silky smooth cooking cream",46.0
Penne Calabrese,"Penne pasta with a creamy, tangy pink sauce with sundried tomato and grilled chicken (mildly spicy)",55.0
Penne Arrabbiata,"Premium durum wheat penne pasta with Nonna's classic sugo all'arrabbiata - a spicy sauce made from garlic, tomatoes, and dried red chili peppers, originating from the Lazio region, around Rome, and translated as 'angry' - in reference to the spice of the chili's",46.0
Tagliatelle Al Tartufo,"Nonna's premium tagliatelle pasta, with a creamy homemade sauce of fresh mushroom and black truffle",55.0
Create your Own Pasta,Create you own pasta with our premium pastas and homemade sauces,46.0
Lasagna Al Forno Bolognese,"Fresh lasagna sheets smothered with Nonna's 100% homemade Beef Bolognese and homemade bechamel sauce, topped with fior di latte mozzarella and parmesan",52.0
Lasagna Di Pollo,"Layers of fresh lasagna, filled with Nonna's homemade basil pesto, shredded oven roast chicken breast, classic homemade bechamel sauce and topped with fior di latte mozzarella and parmesan",52.0
Bambino Bolognese,"Our classic Spaghetti with Beef Bolognese, just a bit smaller!",35.0
Bambino Pomodoro,Penne pasta topped with our rich tomato sauce,32.0
Mac'n'Cheese,Nonna's delightfully creamy classic cheddar cheese mac!,35.0
Chicken Nuggets & Wedges,Crispy chicken nuggets with seasoned potato wedges,28.0
Nonna's Chocolate Fudge Brownie,"Soft, fudgy and chocolatey. Satisfaction guaranteed! Contains Nuts",23.0
Nonna's Chocolate Chip Cookie,"Soft, buttery, and stuffed with chocolate. A perfect treat!",23.0
Nonna's Banana Caramel Pudding,"Nonna's homemade pudding with caramelised banana, custard cream, and banana caramel sauce",28.0
Nonna's Toffee Sponge Cake,Homemade toffee sponge with creme anglaise and toffee nut caramel sauce,28.0
Nonna's Homemade Tiramisu,Classic Tiramisu using Nonna's secret recipe,28.0
Arwa Water (500ml),No description,5.0
Coca Cola (290ml),No description,9.0
Coke Zero (290ml),No description,9.0
Fanta (290ml),No description,9.0
Sprite (290ml),No description,9.0
